epoch,time,train/box_loss,train/pose_loss,train/kobj_loss,train/cls_loss,train/dfl_loss,metrics/precision(B),metrics/recall(B),metrics/mAP50(B),metrics/mAP50-95(B),metrics/precision(P),metrics/recall(P),metrics/mAP50(P),metrics/mAP50-95(P),val/box_loss,val/pose_loss,val/kobj_loss,val/cls_loss,val/dfl_loss,lr/pg0,lr/pg1,lr/pg2
1,11.6109,3.10544,4.04492,0,4.49507,5.50419,0,0,0,0,0.00056,0.17308,0.00034,5e-05,4.95364,4.56274,0,5.12711,5.67036,0.00065,0.00065,0.00065
2,20.133,2.58209,3.22613,0,3.08042,3.87221,0,0,0,0,0.00013,0.03077,8e-05,1e-05,4.91742,4.52725,0,4.20992,5.72,0.00131341,0.00131341,0.00131341
3,28.2605,2.27567,2.87093,0,2.44567,3.30557,0,0,0,0,0,0,0,0,4.98865,4.3252,0,4.22172,5.79758,0.00197352,0.00197352,0.00197352
4,36.7106,2.09097,2.40658,0,1.92021,3.08762,0.16262,0.39038,0.14934,0.04924,0.33448,0.50192,0.2836,0.06595,2.26107,3.13912,0,2.57896,3.28716,0.00198515,0.00198515,0.00198515
5,44.9179,1.91924,2.13953,0,1.70334,2.85494,0.49503,0.79615,0.55522,0.2052,0.66738,0.71382,0.73999,0.27807,1.88861,2.26948,0,1.73766,2.75819,0.0019802,0.0019802,0.0019802
6,53.2011,1.83289,1.7756,0,1.5761,2.7352,0.51508,0.78269,0.55293,0.19802,0.77583,0.86731,0.87132,0.44318,1.93491,1.78959,0,1.7979,2.86551,0.00197525,0.00197525,0.00197525
7,61.8243,1.78656,1.34272,0,1.45926,2.69257,0.69539,0.82537,0.77742,0.29541,0.79773,0.89808,0.91387,0.7162,1.78134,0.93292,0,1.433,2.64713,0.0019703,0.0019703,0.0019703
8,70.302,1.71044,1.04041,0,1.4094,2.6274,0.77587,0.83654,0.85947,0.38826,0.83267,0.88269,0.92421,0.7666,1.60056,0.59795,0,1.26677,2.41611,0.00196535,0.00196535,0.00196535
9,78.8571,1.63954,0.87495,0,1.3361,2.51443,0.47425,0.83077,0.54658,0.18399,0.89618,0.90962,0.9371,0.74415,1.91501,0.58009,0,1.81544,2.77229,0.0019604,0.0019604,0.0019604
10,87.4782,1.64573,0.8558,0,1.31999,2.47599,0.78477,0.8765,0.88222,0.42024,0.84196,0.93234,0.94064,0.82139,1.52311,0.53325,0,1.12868,2.33502,0.00195545,0.00195545,0.00195545
11,96.1983,1.61343,0.74694,0,1.27276,2.47147,0.77893,0.90769,0.85065,0.32396,0.85458,0.93804,0.94567,0.86307,1.79218,0.48888,0,1.29912,2.62412,0.0019505,0.0019505,0.0019505
12,104.812,1.55983,0.7036,0,1.25146,2.403,0.81936,0.87229,0.8505,0.37434,0.90221,0.94808,0.96446,0.83061,1.60951,0.3935,0,1.33432,2.42106,0.00194555,0.00194555,0.00194555
13,113.385,1.54959,0.67683,0,1.28099,2.42277,0.7174,0.85922,0.81519,0.32897,0.89924,0.94038,0.9594,0.88096,1.77376,0.35062,0,1.27584,2.59312,0.0019406,0.0019406,0.0019406
14,122.007,1.54433,0.59252,0,1.23108,2.43798,0.61839,0.83515,0.67437,0.24995,0.89821,0.96538,0.96588,0.92089,1.81363,0.337,0,1.51118,2.60777,0.00193565,0.00193565,0.00193565
15,130.627,1.49721,0.54165,0,1.21577,2.3713,0.61101,0.84038,0.72481,0.25363,0.94361,0.96538,0.9773,0.92682,2.08073,0.312,0,1.47338,2.99112,0.0019307,0.0019307,0.0019307
16,139.127,1.511,0.54107,0,1.21171,2.36928,0.78016,0.80385,0.80802,0.31943,0.95218,0.97692,0.97827,0.94453,1.80255,0.28829,0,1.46691,2.62161,0.00192575,0.00192575,0.00192575
17,147.798,1.48149,0.54421,0,1.21868,2.33487,0.89196,0.92692,0.95283,0.44514,0.93267,0.96923,0.97876,0.93216,1.58275,0.28478,0,1.17388,2.36131,0.0019208,0.0019208,0.0019208
18,156.385,1.49381,0.53776,0,1.13909,2.37855,0.70625,0.79615,0.70832,0.28435,0.94758,0.9733,0.98017,0.92914,1.8194,0.3184,0,1.44565,2.65022,0.00191585,0.00191585,0.00191585
19,165.063,1.46665,0.50394,0,1.09999,2.32875,0.83693,0.86856,0.83438,0.36379,0.95707,0.98602,0.97774,0.91725,1.66485,0.31108,0,1.17708,2.48285,0.0019109,0.0019109,0.0019109
20,173.665,1.46723,0.48748,0,1.05789,2.33438,0.93692,0.96154,0.97164,0.60547,0.94127,0.96538,0.9736,0.93616,1.34646,0.22999,0,0.87211,2.1046,0.00190595,0.00190595,0.00190595
21,182.348,1.46543,0.45931,0,1.0423,2.34661,0.93256,0.95385,0.96988,0.56378,0.93455,0.96346,0.97284,0.9256,1.43058,0.27555,0,0.88255,2.20745,0.001901,0.001901,0.001901
22,190.952,1.46115,0.45961,0,0.99609,2.31699,0.88451,0.91314,0.90095,0.32743,0.96465,0.99697,0.9822,0.94142,2.04535,0.23909,0,1.27961,3.03674,0.00189605,0.00189605,0.00189605
23,199.64,1.44294,0.44706,0,0.99391,2.29995,0.82389,0.89038,0.91292,0.51773,0.82374,0.89615,0.92017,0.85241,1.58087,0.41763,0,1.07983,2.31811,0.0018911,0.0018911,0.0018911
24,208.132,1.42718,0.42752,0,0.96689,2.27148,0.91097,0.96414,0.96422,0.47358,0.91823,0.97183,0.97049,0.92046,1.7447,0.29811,0,0.92707,2.4568,0.00188615,0.00188615,0.00188615
25,216.85,1.43658,0.4646,0,0.89443,2.29084,0.96961,0.98846,0.97215,0.55067,0.97715,0.99615,0.98124,0.95387,1.46991,0.18083,0,0.76843,2.22838,0.0018812,0.0018812,0.0018812
26,225.413,1.42062,0.38997,0,0.88753,2.28766,0.96464,0.99038,0.98153,0.60954,0.96464,0.99038,0.98153,0.94696,1.33037,0.21145,0,0.75126,2.08331,0.00187625,0.00187625,0.00187625
27,234.324,1.38178,0.38195,0,0.84168,2.24983,0.96277,0.99231,0.9803,0.58119,0.96331,0.99615,0.98032,0.92412,1.47038,0.28334,0,0.76491,2.19641,0.0018713,0.0018713,0.0018713
28,243.049,1.4034,0.38452,0,0.84444,2.27102,0.97421,0.99808,0.97811,0.6506,0.97421,0.99808,0.97811,0.95357,1.25513,0.18041,0,0.68201,2.01486,0.00186635,0.00186635,0.00186635
29,251.617,1.40678,0.37899,0,0.83006,2.28686,0.97361,0.99615,0.98222,0.67734,0.97361,0.99615,0.98222,0.9563,1.23114,0.16545,0,0.65741,2.0048,0.0018614,0.0018614,0.0018614
30,260.283,1.36661,0.38266,0,0.83375,2.21972,0.97194,0.99907,0.97965,0.63258,0.97194,0.99907,0.97965,0.94743,1.31331,0.22591,0,0.6518,2.04592,0.00185645,0.00185645,0.00185645
31,268.927,1.36833,0.37175,0,0.79627,2.24142,0.97001,1,0.97933,0.6329,0.97001,1,0.97933,0.95099,1.29576,0.18801,0,0.68029,2.05248,0.0018515,0.0018515,0.0018515
32,277.584,1.38224,0.34657,0,0.79015,2.261,0.97037,0.99808,0.97623,0.59428,0.97224,1,0.97708,0.94915,1.37418,0.1868,0,0.71508,2.10022,0.00184655,0.00184655,0.00184655
33,286.114,1.37375,0.35347,0,0.78918,2.25184,0.97676,0.99808,0.97715,0.6702,0.97676,0.99808,0.97715,0.95648,1.23018,0.16144,0,0.612,2.00085,0.0018416,0.0018416,0.0018416
34,294.614,1.36362,0.3495,0,0.77402,2.22951,0.97364,0.99808,0.9789,0.66241,0.97364,0.99808,0.9789,0.95424,1.24003,0.16997,0,0.62612,2.00357,0.00183665,0.00183665,0.00183665
35,303.175,1.37617,0.36474,0,0.78149,2.23095,0.97205,0.99615,0.97799,0.58521,0.97393,0.99808,0.97943,0.95463,1.50364,0.18228,0,0.65043,2.21581,0.0018317,0.0018317,0.0018317
36,311.817,1.33307,0.32042,0,0.73705,2.18085,0.97537,1,0.9774,0.63868,0.97537,1,0.9774,0.95373,1.30336,0.17325,0,0.60298,2.04745,0.00182675,0.00182675,0.00182675
37,320.304,1.35678,0.34115,0,0.74225,2.22499,0.97318,1,0.97834,0.64854,0.97318,1,0.97834,0.95626,1.26151,0.16224,0,0.60602,2.01398,0.0018218,0.0018218,0.0018218
38,328.825,1.34389,0.33058,0,0.73672,2.20693,0.97378,0.99973,0.97975,0.6589,0.97378,0.99973,0.97975,0.95461,1.2248,0.16256,0,0.62228,1.98403,0.00181685,0.00181685,0.00181685
39,337.525,1.32422,0.31191,0,0.73833,2.19482,0.97391,1,0.97822,0.64235,0.97391,1,0.97822,0.94574,1.25073,0.2102,0,0.59389,2.00206,0.0018119,0.0018119,0.0018119
40,346.053,1.33474,0.31599,0,0.71477,2.2142,0.97592,0.99808,0.97769,0.60588,0.9778,1,0.97851,0.94986,1.4376,0.18624,0,0.61628,2.14548,0.00180695,0.00180695,0.00180695
41,354.583,1.30679,0.28499,0,0.71018,2.16942,0.97483,1,0.9768,0.65012,0.97483,1,0.9768,0.94678,1.22669,0.18796,0,0.6217,1.98131,0.001802,0.001802,0.001802
42,363.03,1.32304,0.30213,0,0.70153,2.21356,0.96617,0.99423,0.96792,0.58178,0.97178,1,0.97509,0.95115,1.43109,0.16356,0,0.60425,2.15638,0.00179705,0.00179705,0.00179705
43,371.893,1.27521,0.3024,0,0.70189,2.15464,0.96879,0.99231,0.97581,0.66999,0.97067,0.99423,0.97739,0.94898,1.20215,0.16415,0,0.57293,1.96647,0.0017921,0.0017921,0.0017921
44,380.432,1.31497,0.29674,0,0.70062,2.18264,0.97555,0.99747,0.97931,0.6084,0.97743,0.99939,0.97965,0.95421,1.36329,0.17156,0,0.58885,2.08838,0.00178715,0.00178715,0.00178715
45,388.947,1.3096,0.30873,0,0.71332,2.17556,0.9706,0.99808,0.98021,0.6757,0.97084,0.99808,0.98038,0.95493,1.23007,0.17128,0,0.56365,1.96373,0.0017822,0.0017822,0.0017822
46,397.621,1.29304,0.27813,0,0.70409,2.1676,0.97709,0.99808,0.97851,0.63693,0.97898,1,0.98013,0.95628,1.32456,0.13952,0,0.56471,2.04986,0.00177725,0.00177725,0.00177725
47,406.371,1.28393,0.29828,0,0.70631,2.15003,0.97993,1,0.98123,0.69642,0.97993,1,0.98123,0.96009,1.16488,0.16754,0,0.55846,1.90644,0.0017723,0.0017723,0.0017723
48,414.819,1.29113,0.29618,0,0.68275,2.18189,0.96681,0.98846,0.96612,0.58542,0.97809,1,0.97925,0.9611,1.47476,0.14375,0,0.58614,2.18349,0.00176735,0.00176735,0.00176735
49,423.288,1.26659,0.28279,0,0.67197,2.14004,0.97578,1,0.9764,0.68288,0.97578,1,0.9764,0.95598,1.16761,0.15458,0,0.53102,1.91387,0.0017624,0.0017624,0.0017624
50,431.834,1.27893,0.28386,0,0.67708,2.17148,0.97368,0.99592,0.98152,0.65761,0.97556,0.99784,0.98178,0.96141,1.24708,0.13675,0,0.59389,2.00025,0.00175745,0.00175745,0.00175745
51,440.543,1.26612,0.28377,0,0.6699,2.15105,0.9781,1,0.98116,0.68195,0.9781,1,0.98116,0.95704,1.22469,0.19212,0,0.52482,1.94509,0.0017525,0.0017525,0.0017525
52,449.122,1.26973,0.28665,0,0.66302,2.12754,0.97717,0.99808,0.98109,0.69262,0.97744,0.99982,0.98109,0.96351,1.19337,0.1428,0,0.51969,1.90986,0.00174755,0.00174755,0.00174755
53,457.666,1.28986,0.27689,0,0.66911,2.16322,0.96255,0.98462,0.96949,0.57434,0.97604,0.99808,0.98501,0.96294,1.54456,0.14433,0,0.57501,2.26141,0.0017426,0.0017426,0.0017426
54,466.102,1.2989,0.29523,0,0.66996,2.17183,0.96941,0.98846,0.96845,0.57311,0.97884,0.99808,0.97709,0.95864,1.50756,0.14209,0,0.60244,2.25301,0.00173765,0.00173765,0.00173765
55,474.546,1.23858,0.2549,0,0.65513,2.12682,0.97835,1,0.98222,0.66383,0.97835,1,0.98222,0.96209,1.23116,0.14049,0,0.51946,1.95152,0.0017327,0.0017327,0.0017327
56,483.055,1.27093,0.26891,0,0.65494,2.16774,0.97902,1,0.97882,0.66489,0.97902,1,0.97882,0.95923,1.25109,0.14048,0,0.52935,1.96613,0.00172775,0.00172775,0.00172775
57,491.649,1.28729,0.26501,0,0.67102,2.15567,0.9781,0.99808,0.97748,0.68473,0.9781,0.99808,0.97748,0.95156,1.16348,0.17702,0,0.5386,1.9057,0.0017228,0.0017228,0.0017228
58,500.117,1.29321,0.28472,0,0.66766,2.16255,0.97672,0.99808,0.97597,0.68471,0.9786,1,0.97823,0.96486,1.15309,0.13226,0,0.51937,1.90567,0.00171785,0.00171785,0.00171785
59,508.57,1.27777,0.27704,0,0.65907,2.15122,0.97526,1,0.98039,0.66719,0.97526,1,0.98039,0.95873,1.24244,0.15258,0,0.55201,1.96936,0.0017129,0.0017129,0.0017129
60,517.167,1.28679,0.27625,0,0.66738,2.15496,0.97367,0.99565,0.97818,0.64475,0.97743,0.9995,0.9806,0.96106,1.30788,0.13691,0,0.5465,2.03208,0.00170795,0.00170795,0.00170795
61,525.612,1.26529,0.25573,0,0.64913,2.12424,0.97875,1,0.97941,0.68221,0.97875,1,0.97941,0.9602,1.21004,0.14661,0,0.52828,1.9509,0.001703,0.001703,0.001703
62,534.107,1.24101,0.25003,0,0.63726,2.09954,0.97711,1,0.98029,0.66746,0.97711,1,0.98029,0.96227,1.24943,0.13788,0,0.50828,1.97333,0.00169805,0.00169805,0.00169805
63,542.584,1.25654,0.25812,0,0.65348,2.11177,0.9771,0.99808,0.98118,0.67884,0.97898,1,0.98123,0.9553,1.19524,0.13876,0,0.5143,1.92271,0.0016931,0.0016931,0.0016931
64,551.208,1.24978,0.25752,0,0.64831,2.11239,0.97498,1,0.97873,0.67486,0.97498,1,0.97873,0.95715,1.17687,0.12777,0,0.50843,1.90915,0.00168815,0.00168815,0.00168815
65,559.639,1.25085,0.25581,0,0.64155,2.14015,0.97899,1,0.98269,0.69204,0.97899,1,0.98269,0.96555,1.18654,0.13308,0,0.50121,1.91504,0.0016832,0.0016832,0.0016832
66,568.13,1.23835,0.2492,0,0.6279,2.11966,0.97866,1,0.98192,0.69716,0.97866,1,0.98192,0.96428,1.16718,0.12169,0,0.49135,1.90294,0.00167825,0.00167825,0.00167825
67,576.631,1.23047,0.26476,0,0.61141,2.09978,0.97925,1,0.98325,0.68268,0.97925,1,0.98325,0.9612,1.21737,0.14609,0,0.50701,1.93623,0.0016733,0.0016733,0.0016733
68,585.224,1.22626,0.22581,0,0.63636,2.12418,0.97485,0.99808,0.97983,0.64707,0.97673,1,0.982,0.96266,1.2896,0.12024,0,0.53412,2.01279,0.00166835,0.00166835,0.00166835
69,593.66,1.24857,0.22846,0,0.63373,2.13499,0.97516,0.99615,0.98527,0.64973,0.97892,1,0.98695,0.96428,1.32901,0.12317,0,0.50987,2.05692,0.0016634,0.0016634,0.0016634
70,602.141,1.25648,0.23963,0,0.64144,2.13232,0.9772,1,0.98177,0.70214,0.9772,1,0.98177,0.95923,1.14506,0.15673,0,0.47719,1.88324,0.00165845,0.00165845,0.00165845
71,610.719,1.22019,0.23287,0,0.6134,2.08676,0.97486,0.99808,0.98283,0.61467,0.97674,1,0.98362,0.96707,1.46696,0.11644,0,0.53703,2.16555,0.0016535,0.0016535,0.0016535
72,619.215,1.26444,0.26876,0,0.62725,2.14822,0.97458,0.99615,0.97803,0.64409,0.97834,1,0.98138,0.95616,1.32724,0.15648,0,0.51611,2.0349,0.00164855,0.00164855,0.00164855
73,627.68,1.21965,0.24408,0,0.6191,2.09975,0.97551,0.99577,0.97437,0.67747,0.97928,0.99958,0.9793,0.96127,1.17155,0.12804,0,0.49531,1.9281,0.0016436,0.0016436,0.0016436
74,636.125,1.25083,0.24707,0,0.62532,2.12311,0.97896,1,0.98012,0.68764,0.97896,1,0.98012,0.96324,1.2054,0.12378,0,0.47956,1.93125,0.00163865,0.00163865,0.00163865
75,644.664,1.25234,0.23386,0,0.62864,2.13606,0.97625,1,0.97928,0.64081,0.97625,1,0.97928,0.96084,1.33827,0.12332,0,0.51165,2.04541,0.0016337,0.0016337,0.0016337
76,653.232,1.25626,0.20709,0,0.63429,2.14068,0.97928,0.99985,0.97768,0.69998,0.97928,0.99985,0.97768,0.96078,1.13922,0.12801,0,0.50115,1.87605,0.00162875,0.00162875,0.00162875
77,661.71,1.25408,0.23521,0,0.62818,2.13339,0.97859,1,0.97708,0.6909,0.97859,1,0.97708,0.95834,1.16237,0.12581,0,0.48742,1.89684,0.0016238,0.0016238,0.0016238
78,670.173,1.2144,0.19911,0,0.61931,2.07853,0.97879,1,0.98058,0.71623,0.97879,1,0.98058,0.96145,1.1309,0.1193,0,0.47092,1.85786,0.00161885,0.00161885,0.00161885
79,678.731,1.2068,0.23138,0,0.60664,2.08028,0.97739,0.99745,0.98157,0.70592,0.97739,0.99745,0.98157,0.96627,1.16019,0.12637,0,0.48066,1.88576,0.0016139,0.0016139,0.0016139
80,687.26,1.20555,0.20112,0,0.59699,2.09281,0.97716,1,0.98088,0.70834,0.97716,1,0.98088,0.96183,1.1508,0.1244,0,0.47378,1.8778,0.00160895,0.00160895,0.00160895
81,695.703,1.21083,0.19827,0,0.59333,2.08997,0.98298,0.99961,0.98273,0.69495,0.98298,0.99961,0.98273,0.96277,1.16285,0.13377,0,0.47623,1.89009,0.001604,0.001604,0.001604
82,704.23,1.23377,0.21325,0,0.62407,2.10746,0.97811,1,0.98152,0.71103,0.97811,1,0.98152,0.9621,1.11077,0.12645,0,0.48147,1.84074,0.00159905,0.00159905,0.00159905
83,712.66,1.21746,0.22535,0,0.60337,2.09045,0.97727,1,0.98369,0.68047,0.97727,1,0.98369,0.96095,1.23786,0.12794,0,0.4786,1.93716,0.0015941,0.0015941,0.0015941
84,721.19,1.20436,0.21857,0,0.59787,2.0832,0.97538,0.99808,0.98393,0.68233,0.97726,1,0.98462,0.96389,1.25017,0.10873,0,0.47769,1.96543,0.00158915,0.00158915,0.00158915
85,729.651,1.22318,0.21768,0,0.60627,2.09863,0.97736,1,0.98502,0.71402,0.97736,1,0.98502,0.9643,1.14564,0.11848,0,0.47976,1.87799,0.0015842,0.0015842,0.0015842
86,738.216,1.1933,0.23011,0,0.6017,2.04123,0.97742,0.99905,0.98051,0.70459,0.97742,0.99905,0.98051,0.96617,1.14036,0.1209,0,0.46848,1.87413,0.00157925,0.00157925,0.00157925
87,746.685,1.20532,0.21202,0,0.60122,2.08928,0.97254,0.99423,0.98036,0.66117,0.97819,1,0.98561,0.96353,1.30943,0.11239,0,0.50279,2.02926,0.0015743,0.0015743,0.0015743
88,755.177,1.23058,0.23486,0,0.62711,2.09403,0.97878,1,0.98384,0.71227,0.97878,1,0.98384,0.96847,1.14957,0.1115,0,0.48682,1.87169,0.00156935,0.00156935,0.00156935
89,763.715,1.20348,0.22874,0,0.6081,2.07559,0.97926,1,0.9826,0.72585,0.97926,1,0.9826,0.96664,1.07994,0.12365,0,0.45818,1.81274,0.0015644,0.0015644,0.0015644
90,772.176,1.20481,0.20972,0,0.61606,2.07151,0.97923,0.99755,0.98021,0.65787,0.98112,0.99947,0.98223,0.96197,1.30032,0.11818,0,0.48823,1.99896,0.00155945,0.00155945,0.00155945
91,780.647,1.19503,0.19623,0,0.60507,2.06301,0.97682,0.99808,0.97933,0.70389,0.9787,1,0.97958,0.96126,1.09175,0.12203,0,0.47528,1.82572,0.0015545,0.0015545,0.0015545
92,789.179,1.1952,0.2152,0,0.58842,2.06828,0.97906,0.99808,0.98595,0.70921,0.97906,0.99808,0.98595,0.96659,1.12027,0.10607,0,0.48323,1.84849,0.00154955,0.00154955,0.00154955
93,797.767,1.16889,0.20743,0,0.59059,2.06846,0.97561,0.99981,0.9786,0.71449,0.97561,0.99981,0.9786,0.96187,1.0923,0.1122,0,0.45925,1.83616,0.0015446,0.0015446,0.0015446
94,806.184,1.19584,0.2174,0,0.61736,2.05669,0.97358,0.99808,0.98644,0.70395,0.97546,1,0.98647,0.96576,1.16485,0.1068,0,0.47684,1.90518,0.00153965,0.00153965,0.00153965
95,814.697,1.19675,0.21172,0,0.60007,2.06746,0.97872,0.99808,0.98701,0.71009,0.97987,1,0.98701,0.9664,1.14606,0.11244,0,0.47485,1.87834,0.0015347,0.0015347,0.0015347
96,823.324,1.2048,0.22645,0,0.60851,2.08149,0.97704,0.99615,0.97898,0.72211,0.9785,0.99808,0.97898,0.96295,1.09513,0.11036,0,0.45917,1.82959,0.00152975,0.00152975,0.00152975
97,831.781,1.19248,0.20529,0,0.57386,2.06602,0.97536,1,0.98515,0.70108,0.97536,1,0.98515,0.96631,1.18871,0.1068,0,0.46376,1.90637,0.0015248,0.0015248,0.0015248
98,840.245,1.18288,0.22033,0,0.57846,2.06248,0.97659,0.99808,0.98215,0.7011,0.97659,0.99808,0.98215,0.96134,1.12958,0.10973,0,0.4529,1.8563,0.00151985,0.00151985,0.00151985
99,848.721,1.14809,0.18953,0,0.57444,2.03585,0.97524,0.99615,0.98538,0.70816,0.97712,0.99808,0.98575,0.96641,1.15708,0.11274,0,0.4813,1.89436,0.0015149,0.0015149,0.0015149
100,857.373,1.15119,0.2101,0,0.57637,2.02027,0.97844,0.99615,0.98762,0.72711,0.98033,0.99808,0.98765,0.97071,1.10099,0.11663,0,0.45836,1.83246,0.00150995,0.00150995,0.00150995
101,865.873,1.11463,0.20763,0,0.57879,2.002,0.97366,0.99615,0.97638,0.6742,0.97742,1,0.98004,0.95963,1.23084,0.11102,0,0.48453,1.97185,0.001505,0.001505,0.001505
102,874.358,1.12447,0.19183,0,0.57028,1.99245,0.9772,1,0.98582,0.67345,0.9772,1,0.98582,0.96642,1.22889,0.1081,0,0.46637,1.95926,0.00150005,0.00150005,0.00150005
103,882.846,1.11751,0.20765,0,0.5912,1.9883,0.97905,1,0.98481,0.71013,0.97905,1,0.98481,0.96264,1.13062,0.10658,0,0.44932,1.85671,0.0014951,0.0014951,0.0014951
104,891.364,1.11388,0.22547,0,0.57618,1.98219,0.97693,1,0.98242,0.68009,0.97693,1,0.98242,0.96315,1.1803,0.10799,0,0.48316,1.9172,0.00149015,0.00149015,0.00149015
105,899.841,1.12761,0.2032,0,0.57636,2.00253,0.97918,1,0.98218,0.71163,0.97918,1,0.98218,0.96046,1.09662,0.10958,0,0.45594,1.83909,0.0014852,0.0014852,0.0014852
106,908.281,1.16229,0.19313,0,0.6074,2.04712,0.97892,1,0.985,0.71064,0.97892,1,0.985,0.96286,1.12283,0.13038,0,0.46818,1.8642,0.00148025,0.00148025,0.00148025
107,916.911,1.10138,0.18604,0,0.56018,1.97431,0.97904,0.99808,0.98067,0.69811,0.97904,0.99808,0.98067,0.96694,1.1451,0.10477,0,0.46125,1.87996,0.0014753,0.0014753,0.0014753
108,925.416,1.09377,0.19248,0,0.57081,1.97984,0.97711,0.99615,0.97851,0.67009,0.979,0.99808,0.98202,0.96384,1.25885,0.1064,0,0.47771,2.00089,0.00147035,0.00147035,0.00147035
109,933.883,1.11521,0.22561,0,0.58174,1.99011,0.97928,0.99995,0.98124,0.712,0.97928,0.99995,0.98124,0.96294,1.09858,0.1061,0,0.44448,1.83434,0.0014654,0.0014654,0.0014654
110,942.481,1.09285,0.21308,0,0.55182,1.96216,0.97726,1,0.9819,0.71225,0.97726,1,0.9819,0.96276,1.10466,0.10389,0,0.44091,1.83925,0.00146045,0.00146045,0.00146045
111,950.971,1.04999,0.19898,0,0.5593,1.91898,0.97927,0.9992,0.98181,0.71817,0.97927,0.9992,0.98181,0.9642,1.08192,0.104,0,0.44987,1.81117,0.0014555,0.0014555,0.0014555
112,959.492,1.10541,0.21165,0,0.56862,1.97416,0.97927,0.99944,0.98125,0.7046,0.97927,0.99944,0.98125,0.96132,1.09598,0.10349,0,0.46072,1.83568,0.00145055,0.00145055,0.00145055
113,967.908,1.08872,0.19616,0,0.56424,1.9673,0.97827,1,0.97902,0.67116,0.97827,1,0.97902,0.96032,1.1622,0.10618,0,0.46156,1.91821,0.0014456,0.0014456,0.0014456
114,976.484,1.0721,0.17014,0,0.56729,1.97324,0.97928,0.99987,0.98089,0.72986,0.97928,0.99987,0.98089,0.96467,1.06519,0.11473,0,0.43276,1.79993,0.00144065,0.00144065,0.00144065
115,984.954,1.08967,0.21162,0,0.56081,1.96344,0.97551,1,0.97898,0.7085,0.97551,1,0.97898,0.96357,1.11864,0.10256,0,0.44479,1.8555,0.0014357,0.0014357,0.0014357
116,993.441,1.09291,0.20142,0,0.57931,1.97609,0.9756,0.99969,0.97826,0.708,0.9756,0.99969,0.97826,0.96295,1.08106,0.115,0,0.46649,1.82568,0.00143075,0.00143075,0.00143075
117,1001.95,1.10096,0.17444,0,0.55826,1.97186,0.97928,0.99981,0.98594,0.74147,0.97928,0.99981,0.98594,0.96727,1.05018,0.09974,0,0.4397,1.78823,0.0014258,0.0014258,0.0014258
118,1010.56,1.06415,0.20235,0,0.54889,1.94759,0.97509,0.99808,0.98198,0.7195,0.97696,1,0.98221,0.96834,1.09489,0.09974,0,0.44179,1.8276,0.00142085,0.00142085,0.00142085
119,1019.01,1.10387,0.20431,0,0.55417,1.97067,0.97713,1,0.98078,0.71988,0.97713,1,0.98078,0.96487,1.10779,0.10125,0,0.43308,1.83158,0.0014159,0.0014159,0.0014159
120,1027.56,1.07845,0.2061,0,0.55718,1.96063,0.97901,1,0.98396,0.7191,0.97901,1,0.98396,0.96653,1.10236,0.10672,0,0.43408,1.82897,0.00141095,0.00141095,0.00141095
121,1036.02,1.08055,0.17999,0,0.55676,1.96014,0.97876,1,0.98058,0.72596,0.97876,1,0.98058,0.96341,1.06163,0.10032,0,0.44165,1.79617,0.001406,0.001406,0.001406
122,1044.58,1.04858,0.18929,0,0.53923,1.92686,0.97705,1,0.9866,0.73155,0.97705,1,0.9866,0.96751,1.05971,0.1005,0,0.42501,1.78413,0.00140105,0.00140105,0.00140105
123,1053.08,1.07791,0.19118,0,0.56495,1.96905,0.97637,1,0.9823,0.72719,0.97637,1,0.9823,0.9685,1.069,0.10249,0,0.43366,1.80086,0.0013961,0.0013961,0.0013961
124,1061.59,1.05134,0.18256,0,0.54682,1.92303,0.9769,0.99808,0.98255,0.70808,0.9769,0.99808,0.98255,0.97151,1.13045,0.09948,0,0.4417,1.86182,0.00139115,0.00139115,0.00139115
125,1070.13,1.03976,0.18644,0,0.55554,1.91018,0.97739,0.99767,0.9852,0.70319,0.97928,0.99959,0.9869,0.97129,1.15341,0.10174,0,0.45285,1.90405,0.0013862,0.0013862,0.0013862
126,1078.59,1.07767,0.15756,0,0.55604,1.97221,0.97876,0.99808,0.9857,0.73453,0.97876,0.99808,0.9857,0.96983,1.06967,0.09447,0,0.43083,1.79053,0.00138125,0.00138125,0.00138125
127,1087.07,1.07022,0.18751,0,0.55016,1.95974,0.97512,0.99808,0.97893,0.70127,0.977,1,0.98134,0.96625,1.13664,0.0999,0,0.44179,1.86782,0.0013763,0.0013763,0.0013763
128,1095.66,1.06989,0.17795,0,0.55546,1.95364,0.97717,1,0.97694,0.69491,0.97717,1,0.97694,0.9621,1.12756,0.10292,0,0.44182,1.8502,0.00137135,0.00137135,0.00137135
129,1104.24,1.07097,0.20619,0,0.56757,1.95111,0.97532,1,0.98094,0.71619,0.97532,1,0.98094,0.96639,1.07023,0.09968,0,0.43172,1.8111,0.0013664,0.0013664,0.0013664
130,1112.71,1.04951,0.16361,0,0.54046,1.94773,0.97704,1,0.98542,0.73116,0.97704,1,0.98542,0.96933,1.06929,0.09907,0,0.42453,1.80153,0.00136145,0.00136145,0.00136145
131,1121.2,1.04502,0.17394,0,0.55268,1.90793,0.97561,1,0.98839,0.70687,0.97561,1,0.98839,0.96691,1.17887,0.09364,0,0.43328,1.88888,0.0013565,0.0013565,0.0013565
132,1129.78,1.04887,0.21754,0,0.54417,1.91118,0.97725,1,0.98814,0.7068,0.97725,1,0.98814,0.96512,1.18744,0.10336,0,0.43499,1.92924,0.00135155,0.00135155,0.00135155
133,1138.26,1.06553,0.17287,0,0.54579,1.93791,0.97685,1,0.98761,0.71485,0.97685,1,0.98761,0.96577,1.1362,0.10053,0,0.4319,1.85008,0.0013466,0.0013466,0.0013466
134,1146.71,1.04814,0.20056,0,0.54509,1.91491,0.97713,1,0.98552,0.7395,0.97713,1,0.98552,0.96539,1.05599,0.09996,0,0.41272,1.77458,0.00134165,0.00134165,0.00134165
135,1155.26,1.02286,0.18391,0,0.53075,1.89969,0.97744,0.99961,0.98474,0.74211,0.97744,0.99961,0.98474,0.96513,1.04474,0.09374,0,0.42684,1.76892,0.0013367,0.0013367,0.0013367
136,1163.8,1.04138,0.159,0,0.53274,1.92267,0.97897,1,0.98679,0.72027,0.97897,1,0.98679,0.97114,1.12275,0.0992,0,0.44346,1.8518,0.00133175,0.00133175,0.00133175
137,1172.26,1.03645,0.17323,0,0.54596,1.90916,0.97721,1,0.98456,0.73382,0.97721,1,0.98456,0.96781,1.05783,0.10106,0,0.4192,1.79659,0.0013268,0.0013268,0.0013268
138,1180.75,1.06335,0.18185,0,0.54001,1.95185,0.97693,1,0.98355,0.72359,0.97693,1,0.98355,0.96838,1.08853,0.09549,0,0.43198,1.81348,0.00132185,0.00132185,0.00132185
139,1189.33,1.04264,0.18216,0,0.53098,1.90357,0.97711,0.99808,0.98487,0.73605,0.97899,1,0.98495,0.96975,1.05405,0.09918,0,0.42901,1.77835,0.0013169,0.0013169,0.0013169
140,1197.89,1.0584,0.1857,0,0.55237,1.9329,0.97923,0.99727,0.98445,0.73092,0.97923,0.99727,0.98445,0.96616,1.05789,0.10363,0,0.4459,1.78703,0.00131195,0.00131195,0.00131195
141,1206.32,1.00901,0.16579,0,0.52138,1.87287,0.97783,0.99808,0.98424,0.71325,0.97783,0.99808,0.98424,0.9675,1.09541,0.09549,0,0.42003,1.8268,0.001307,0.001307,0.001307
142,1214.83,1.0054,0.16595,0,0.54392,1.87102,0.97743,0.99958,0.98629,0.72067,0.97743,0.99958,0.98629,0.96694,1.09819,0.10405,0,0.43074,1.83491,0.00130205,0.00130205,0.00130205
143,1223.24,1.01063,0.18816,0,0.54059,1.87894,0.97723,1,0.98642,0.72886,0.97723,1,0.98642,0.96841,1.05379,0.09618,0,0.4187,1.78635,0.0012971,0.0012971,0.0012971
144,1231.78,1.04029,0.19046,0,0.52808,1.91664,0.97896,1,0.98537,0.74177,0.97896,1,0.98537,0.96886,1.02381,0.09394,0,0.41464,1.76308,0.00129215,0.00129215,0.00129215
145,1240.29,1.0564,0.15766,0,0.54564,1.92932,0.97928,0.99961,0.98701,0.73923,0.97928,0.99961,0.98701,0.96471,1.04114,0.09423,0,0.41999,1.77443,0.0012872,0.0012872,0.0012872
146,1248.83,1.03262,0.17922,0,0.53335,1.89926,0.979,1,0.98524,0.70453,0.979,1,0.98524,0.96875,1.16934,0.09574,0,0.42692,1.89077,0.00128225,0.00128225,0.00128225
147,1257.29,1.03813,0.18845,0,0.53907,1.92413,0.97894,1,0.98656,0.75227,0.97894,1,0.98656,0.96813,1.01872,0.09377,0,0.4085,1.75121,0.0012773,0.0012773,0.0012773
148,1265.82,1.02228,0.16705,0,0.5323,1.88923,0.9791,1,0.98696,0.7462,0.9791,1,0.98696,0.96945,1.03233,0.09386,0,0.40457,1.76105,0.00127235,0.00127235,0.00127235
149,1274.34,1.01375,0.18203,0,0.51205,1.88237,0.9792,1,0.98761,0.74504,0.9792,1,0.98761,0.96903,1.04664,0.1011,0,0.41136,1.77622,0.0012674,0.0012674,0.0012674
150,1282.79,1.01457,0.17974,0,0.53005,1.87903,0.97528,1,0.98228,0.7421,0.97528,1,0.98228,0.96696,1.0276,0.09422,0,0.41613,1.75556,0.00126245,0.00126245,0.00126245
151,1291.28,1.03045,0.17698,0,0.52965,1.9056,0.97916,1,0.98639,0.74615,0.97916,1,0.98639,0.97159,1.02015,0.09481,0,0.41029,1.75596,0.0012575,0.0012575,0.0012575
152,1299.81,0.99799,0.17069,0,0.51856,1.86789,0.97901,1,0.9834,0.72671,0.97901,1,0.9834,0.96786,1.08467,0.09523,0,0.40818,1.81713,0.00125255,0.00125255,0.00125255
153,1308.4,1.01197,0.15889,0,0.53476,1.87217,0.97928,0.99995,0.98514,0.7487,0.97928,0.99995,0.98514,0.969,1.03194,0.09739,0,0.40658,1.76115,0.0012476,0.0012476,0.0012476
154,1316.88,1.03661,0.18753,0,0.53496,1.898,0.97881,0.99808,0.98546,0.74781,0.97881,0.99808,0.98546,0.96759,1.03819,0.09826,0,0.40021,1.75932,0.00124265,0.00124265,0.00124265
155,1325.33,1.02487,0.16837,0,0.52427,1.91422,0.97686,0.99615,0.98623,0.74776,0.97686,0.99615,0.98623,0.96866,1.04863,0.09306,0,0.42056,1.77462,0.0012377,0.0012377,0.0012377
156,1333.98,1.01048,0.18059,0,0.50915,1.88698,0.97715,1,0.98482,0.74522,0.97715,1,0.98482,0.96666,1.02454,0.09463,0,0.40127,1.75928,0.00123275,0.00123275,0.00123275
157,1342.57,1.02066,0.15805,0,0.51246,1.89801,0.97913,1,0.98461,0.75231,0.97913,1,0.98461,0.96725,1.01074,0.10159,0,0.39613,1.74397,0.0012278,0.0012278,0.0012278
158,1351.13,1.01345,0.16513,0,0.50135,1.88785,0.97892,0.99808,0.98312,0.74636,0.97892,0.99808,0.98312,0.96938,1.01924,0.09722,0,0.40126,1.75646,0.00122285,0.00122285,0.00122285
159,1359.65,1.02776,0.1835,0,0.53057,1.89804,0.97857,0.99808,0.98045,0.72837,0.97857,0.99808,0.98045,0.96428,1.09176,0.09455,0,0.40205,1.81271,0.0012179,0.0012179,0.0012179
160,1368.27,1.02702,0.1722,0,0.51823,1.89182,0.97879,0.99808,0.98175,0.73495,0.97879,0.99808,0.98175,0.96458,1.04495,0.09464,0,0.40252,1.77245,0.00121295,0.00121295,0.00121295
161,1376.73,1.00588,0.18585,0,0.51603,1.87945,0.97928,0.99956,0.98356,0.73829,0.97928,0.99956,0.98356,0.96554,1.05188,0.09341,0,0.41225,1.77911,0.001208,0.001208,0.001208
162,1385.21,1.03386,0.17138,0,0.51954,1.90551,0.97911,1,0.9877,0.73307,0.97911,1,0.9877,0.96998,1.06949,0.09491,0,0.40071,1.80859,0.00120305,0.00120305,0.00120305
163,1393.69,1.01162,0.1657,0,0.52311,1.88963,0.97892,0.99808,0.98878,0.75506,0.97892,0.99808,0.98878,0.97085,1.0186,0.08889,0,0.39253,1.75488,0.0011981,0.0011981,0.0011981
164,1402.3,1.0029,0.15981,0,0.51884,1.87992,0.9773,1,0.98458,0.75541,0.9773,1,0.98458,0.96872,1.00535,0.0969,0,0.39426,1.74189,0.00119315,0.00119315,0.00119315
165,1410.76,0.99284,0.1778,0,0.52342,1.88151,0.97747,1,0.98701,0.74793,0.97747,1,0.98701,0.96938,1.03356,0.09039,0,0.4068,1.77338,0.0011882,0.0011882,0.0011882
166,1419.24,1.03933,0.15902,0,0.51273,1.92766,0.97536,0.99808,0.98626,0.74859,0.97724,1,0.98629,0.96538,1.0305,0.09658,0,0.40773,1.75941,0.00118325,0.00118325,0.00118325
167,1427.76,1.02284,0.17031,0,0.52641,1.89222,0.9768,0.99808,0.98641,0.75115,0.97869,1,0.98646,0.96549,1.0317,0.09236,0,0.40266,1.76752,0.0011783,0.0011783,0.0011783
168,1436.31,1.00373,0.1842,0,0.52587,1.86314,0.97845,1,0.98567,0.74625,0.97845,1,0.98567,0.96677,1.03588,0.09537,0,0.39952,1.75971,0.00117335,0.00117335,0.00117335
169,1444.78,1.01808,0.16608,0,0.51873,1.90214,0.97885,1,0.98544,0.75114,0.97885,1,0.98544,0.96376,1.01582,0.09081,0,0.40044,1.74281,0.0011684,0.0011684,0.0011684
170,1453.27,0.99482,0.16785,0,0.51919,1.84391,0.97726,1,0.98701,0.74514,0.97726,1,0.98701,0.96926,1.04169,0.09195,0,0.3984,1.75657,0.00116345,0.00116345,0.00116345
171,1461.84,0.9896,0.16927,0,0.51042,1.86545,0.97909,1,0.98636,0.7531,0.97909,1,0.98636,0.96614,1.0325,0.09234,0,0.40429,1.77096,0.0011585,0.0011585,0.0011585
172,1470.4,1.00146,0.18581,0,0.52609,1.8691,0.97913,1,0.98768,0.7616,0.97913,1,0.98768,0.96695,0.99549,0.09186,0,0.40398,1.72666,0.00115355,0.00115355,0.00115355
173,1478.91,0.98209,0.1467,0,0.50207,1.85529,0.97713,1,0.98704,0.76036,0.97713,1,0.98704,0.96895,0.99859,0.08812,0,0.39395,1.73156,0.0011486,0.0011486,0.0011486
174,1487.46,0.98951,0.16728,0,0.50881,1.879,0.97714,1,0.98381,0.7465,0.97714,1,0.98381,0.96398,1.03174,0.09142,0,0.40616,1.77177,0.00114365,0.00114365,0.00114365
175,1495.91,0.99567,0.1511,0,0.51735,1.84573,0.97875,1,0.98118,0.74819,0.97875,1,0.98118,0.96516,1.01882,0.09004,0,0.4031,1.74967,0.0011387,0.0011387,0.0011387
176,1504.43,1.00068,0.17519,0,0.51629,1.87201,0.97891,1,0.98412,0.75338,0.97891,1,0.98412,0.96663,0.99344,0.09503,0,0.40523,1.73093,0.00113375,0.00113375,0.00113375
177,1513.31,0.98657,0.16207,0,0.50192,1.85342,0.979,1,0.9859,0.76181,0.979,1,0.9859,0.96831,1.00366,0.09163,0,0.38914,1.73367,0.0011288,0.0011288,0.0011288
178,1521.83,0.97852,0.14727,0,0.50141,1.8541,0.97928,0.99998,0.98836,0.75763,0.97928,0.99998,0.98836,0.96616,1.01212,0.09157,0,0.40719,1.74042,0.00112385,0.00112385,0.00112385
179,1530.28,1.01414,0.16766,0,0.51895,1.88558,0.97852,1,0.98461,0.75678,0.97852,1,0.98461,0.96922,1.00656,0.08868,0,0.39839,1.72871,0.0011189,0.0011189,0.0011189
180,1538.73,0.97469,0.15938,0,0.49736,1.85214,0.97872,1,0.98458,0.75558,0.97872,1,0.98458,0.96463,1.01102,0.09277,0,0.39924,1.7365,0.00111395,0.00111395,0.00111395
181,1547.48,0.99962,0.18003,0,0.50712,1.8911,0.97725,1,0.98617,0.75861,0.97725,1,0.98617,0.96637,1.00176,0.09158,0,0.391,1.72818,0.001109,0.001109,0.001109
182,1556.06,0.97349,0.15975,0,0.5018,1.84879,0.97878,1,0.9858,0.76032,0.97878,1,0.9858,0.96732,1.01063,0.09076,0,0.38524,1.72961,0.00110405,0.00110405,0.00110405
183,1564.53,0.99074,0.15864,0,0.50295,1.8659,0.97869,1,0.98647,0.75042,0.97869,1,0.98647,0.9662,1.04009,0.09278,0,0.3982,1.76877,0.0010991,0.0010991,0.0010991
184,1572.98,1.00586,0.16566,0,0.51944,1.87201,0.98093,1,0.98482,0.7601,0.98093,1,0.98482,0.96644,0.99589,0.09228,0,0.39221,1.72327,0.00109415,0.00109415,0.00109415
185,1581.53,0.96759,0.15773,0,0.49617,1.84224,0.97743,1,0.98664,0.75452,0.97743,1,0.98664,0.96834,1.01413,0.09286,0,0.40443,1.74712,0.0010892,0.0010892,0.0010892
186,1590.02,0.99014,0.14362,0,0.50979,1.86851,0.97744,1,0.98501,0.76072,0.97744,1,0.98501,0.96838,0.99918,0.08855,0,0.39602,1.73723,0.00108425,0.00108425,0.00108425
187,1598.48,0.99024,0.16204,0,0.51356,1.87451,0.9773,1,0.98839,0.76041,0.9773,1,0.98839,0.96796,1.01028,0.08685,0,0.38633,1.73656,0.0010793,0.0010793,0.0010793
188,1606.95,0.9756,0.14822,0,0.49465,1.83895,0.97731,1,0.98572,0.75722,0.97731,1,0.98572,0.96666,0.9993,0.09171,0,0.39141,1.73531,0.00107435,0.00107435,0.00107435
189,1615.63,1.02259,0.16512,0,0.52601,1.89377,0.97894,1,0.98738,0.7653,0.97894,1,0.98738,0.96629,0.98245,0.09215,0,0.38666,1.71637,0.0010694,0.0010694,0.0010694
190,1624.29,0.99976,0.15774,0,0.51147,1.85998,0.97927,0.99918,0.98785,0.75831,0.97927,0.99918,0.98785,0.96737,1.01423,0.08828,0,0.38853,1.74639,0.00106445,0.00106445,0.00106445
191,1632.77,0.98982,0.15342,0,0.49989,1.85952,0.97904,1,0.98718,0.76666,0.97904,1,0.98718,0.96895,0.97367,0.09177,0,0.38534,1.71227,0.0010595,0.0010595,0.0010595
192,1641.34,0.97844,0.18189,0,0.505,1.84621,0.97902,1,0.9867,0.76439,0.97902,1,0.9867,0.96973,0.99053,0.09145,0,0.38766,1.72384,0.00105455,0.00105455,0.00105455
193,1649.85,0.9806,0.17003,0,0.49387,1.86505,0.97711,1,0.98762,0.76544,0.97711,1,0.98762,0.96792,0.99741,0.08992,0,0.39069,1.72331,0.0010496,0.0010496,0.0010496
194,1658.35,0.98099,0.17167,0,0.50614,1.83171,0.97734,1,0.98576,0.76199,0.97734,1,0.98576,0.96681,0.9745,0.09121,0,0.38745,1.70766,0.00104465,0.00104465,0.00104465
195,1666.8,0.95354,0.14971,0,0.48059,1.81769,0.97724,1,0.9842,0.75747,0.97724,1,0.9842,0.96626,0.98938,0.08941,0,0.39365,1.71792,0.0010397,0.0010397,0.0010397
196,1675.37,0.99312,0.14378,0,0.49226,1.84419,0.97915,1,0.98575,0.75613,0.97915,1,0.98575,0.96658,1.0073,0.08755,0,0.38427,1.73569,0.00103475,0.00103475,0.00103475
197,1683.83,0.99271,0.17499,0,0.50178,1.86161,0.97857,1,0.98667,0.76255,0.97857,1,0.98667,0.96612,1.00261,0.08849,0,0.38267,1.72977,0.0010298,0.0010298,0.0010298
198,1692.44,0.95501,0.14469,0,0.48553,1.82947,0.97907,1,0.98657,0.75709,0.97907,1,0.98657,0.96613,1.02457,0.08783,0,0.3825,1.74495,0.00102485,0.00102485,0.00102485
199,1700.94,0.95534,0.14935,0,0.48574,1.81781,0.9791,1,0.98553,0.75515,0.9791,1,0.98553,0.96826,1.02806,0.09374,0,0.3849,1.74509,0.0010199,0.0010199,0.0010199
200,1709.5,0.95634,0.151,0,0.49073,1.83131,0.9788,1,0.98574,0.76483,0.9788,1,0.98574,0.96601,0.98052,0.08701,0,0.37833,1.70886,0.00101495,0.00101495,0.00101495
201,1717.95,0.98665,0.17375,0,0.49092,1.85336,0.9789,1,0.98739,0.76119,0.9789,1,0.98739,0.96724,0.98922,0.097,0,0.38327,1.71969,0.00101,0.00101,0.00101
202,1726.46,0.96441,0.14824,0,0.50121,1.84833,0.97916,1,0.98648,0.76825,0.97916,1,0.98648,0.96871,0.97586,0.0893,0,0.37678,1.7039,0.00100505,0.00100505,0.00100505
203,1734.98,0.9672,0.17637,0,0.48717,1.8379,0.979,1,0.98497,0.75843,0.979,1,0.98497,0.96664,1.00306,0.08916,0,0.37922,1.72453,0.0010001,0.0010001,0.0010001
204,1743.47,0.94864,0.1438,0,0.4816,1.81985,0.97913,1,0.9842,0.75566,0.97913,1,0.9842,0.96572,0.99899,0.0916,0,0.3834,1.72921,0.00099515,0.00099515,0.00099515
205,1751.94,0.97595,0.15589,0,0.49536,1.84581,0.97738,1,0.9859,0.75804,0.97738,1,0.9859,0.96561,0.99116,0.09189,0,0.39334,1.71823,0.0009902,0.0009902,0.0009902
206,1760.71,0.96166,0.13474,0,0.50335,1.83406,0.97717,1,0.98463,0.76463,0.97717,1,0.98463,0.96574,1.00246,0.08905,0,0.39098,1.72531,0.00098525,0.00098525,0.00098525
207,1769.22,0.95725,0.17148,0,0.49688,1.82584,0.97727,1,0.98377,0.75986,0.97727,1,0.98377,0.96571,0.99397,0.08979,0,0.38634,1.72801,0.0009803,0.0009803,0.0009803
208,1777.69,0.95396,0.15955,0,0.48796,1.84124,0.97728,1,0.98609,0.76434,0.97728,1,0.98609,0.96639,0.98398,0.0862,0,0.37583,1.7076,0.00097535,0.00097535,0.00097535
209,1786.14,0.94306,0.14404,0,0.48072,1.81547,0.97697,1,0.98847,0.7654,0.97697,1,0.98847,0.97072,0.99058,0.08807,0,0.38387,1.72365,0.0009704,0.0009704,0.0009704
210,1794.71,0.9617,0.15802,0,0.48788,1.83081,0.97725,1,0.98832,0.76024,0.97725,1,0.98832,0.96716,1.00988,0.0892,0,0.38928,1.73617,0.00096545,0.00096545,0.00096545
211,1803.16,0.96788,0.17477,0,0.49414,1.82194,0.97928,0.99996,0.98788,0.76506,0.97928,0.99996,0.98788,0.96693,0.98069,0.09031,0,0.37983,1.71388,0.0009605,0.0009605,0.0009605
212,1811.63,0.95784,0.1547,0,0.48972,1.82703,0.97728,1,0.98602,0.76596,0.97728,1,0.98602,0.96687,0.98124,0.08976,0,0.37666,1.71245,0.00095555,0.00095555,0.00095555
213,1820.13,0.962,0.16729,0,0.49568,1.83237,0.97744,0.99996,0.98498,0.76696,0.97744,0.99996,0.98498,0.96398,0.98883,0.09052,0,0.38325,1.7137,0.0009506,0.0009506,0.0009506
214,1828.84,0.97419,0.17402,0,0.49872,1.83549,0.97887,1,0.98819,0.76801,0.97887,1,0.98819,0.96853,0.98125,0.08707,0,0.37643,1.708,0.00094565,0.00094565,0.00094565
215,1837.31,0.95772,0.134,0,0.47971,1.8264,0.97904,1,0.98612,0.76225,0.97904,1,0.98612,0.96881,1.01078,0.08676,0,0.37662,1.72957,0.0009407,0.0009407,0.0009407
216,1845.75,0.95691,0.15374,0,0.47999,1.82085,0.97928,0.99994,0.98675,0.7615,0.97928,0.99994,0.98675,0.96581,0.99758,0.08609,0,0.37574,1.72596,0.00093575,0.00093575,0.00093575
217,1854.33,0.96482,0.14999,0,0.489,1.83241,0.97792,1,0.98548,0.75594,0.97792,1,0.98548,0.96611,1.02275,0.08795,0,0.38338,1.75073,0.0009308,0.0009308,0.0009308
218,1862.85,0.96924,0.14939,0,0.50292,1.83161,0.97709,1,0.98856,0.75714,0.97709,1,0.98856,0.96833,1.02479,0.0875,0,0.38298,1.74519,0.00092585,0.00092585,0.00092585
219,1871.32,0.96844,0.18055,0,0.49631,1.83262,0.9792,1,0.98887,0.76304,0.9792,1,0.98887,0.96891,1.00869,0.08806,0,0.38918,1.74023,0.0009209,0.0009209,0.0009209
220,1879.78,0.95358,0.14018,0,0.49019,1.83121,0.97927,0.99954,0.98784,0.76535,0.97927,0.99954,0.98784,0.9688,0.98611,0.08892,0,0.37827,1.7184,0.00091595,0.00091595,0.00091595
221,1888.36,0.93496,0.14889,0,0.47871,1.80866,0.97893,1,0.98426,0.752,0.97893,1,0.98426,0.96697,0.99566,0.08946,0,0.38096,1.72806,0.000911,0.000911,0.000911
222,1896.88,0.95322,0.15044,0,0.47221,1.81556,0.97727,1,0.98718,0.76052,0.97727,1,0.98718,0.97081,1.00169,0.08849,0,0.37917,1.7344,0.00090605,0.00090605,0.00090605
223,1905.32,0.96104,0.17406,0,0.4904,1.82451,0.97744,1,0.98563,0.7611,0.97744,1,0.98563,0.96977,0.99443,0.08983,0,0.38328,1.72609,0.0009011,0.0009011,0.0009011
224,1913.93,0.96086,0.14206,0,0.48016,1.81669,0.97893,1,0.98555,0.7671,0.97893,1,0.98555,0.96865,0.97492,0.08654,0,0.37723,1.7093,0.00089615,0.00089615,0.00089615
225,1922.34,0.98054,0.16153,0,0.48739,1.84664,0.97723,1,0.98685,0.76559,0.97723,1,0.98685,0.96926,0.97548,0.0873,0,0.38401,1.71125,0.0008912,0.0008912,0.0008912
226,1930.92,0.99019,0.15691,0,0.48764,1.86772,0.97735,1,0.986,0.76881,0.97735,1,0.986,0.96641,0.96129,0.08554,0,0.37574,1.69696,0.00088625,0.00088625,0.00088625
227,1939.38,0.94522,0.13618,0,0.48051,1.83344,0.97722,1,0.98359,0.76232,0.97722,1,0.98359,0.96431,0.96964,0.08622,0,0.38313,1.70745,0.0008813,0.0008813,0.0008813
228,1947.98,0.96414,0.15051,0,0.47791,1.83035,0.97744,0.99963,0.98395,0.7581,0.97744,0.99963,0.98395,0.96365,0.98413,0.08608,0,0.38172,1.71502,0.00087635,0.00087635,0.00087635
229,1956.45,0.94818,0.13481,0,0.4913,1.81823,0.97879,1,0.98563,0.75686,0.97879,1,0.98563,0.96926,0.97471,0.0855,0,0.3796,1.70795,0.0008714,0.0008714,0.0008714
230,1964.93,0.94914,0.1437,0,0.49504,1.81017,0.97731,1,0.98677,0.76662,0.97731,1,0.98677,0.96798,0.98966,0.08551,0,0.38237,1.71619,0.00086645,0.00086645,0.00086645
231,1973.45,0.93994,0.153,0,0.47377,1.79558,0.97719,1,0.98653,0.76554,0.97719,1,0.98653,0.96708,0.9661,0.08717,0,0.37299,1.69871,0.0008615,0.0008615,0.0008615
232,1981.93,0.94965,0.13641,0,0.46871,1.81909,0.97713,1,0.98773,0.76356,0.97713,1,0.98773,0.96873,0.97674,0.08836,0,0.3815,1.71216,0.00085655,0.00085655,0.00085655
233,1990.41,0.9369,0.1542,0,0.46479,1.81488,0.97927,0.99924,0.98427,0.75889,0.97927,0.99924,0.98427,0.96768,0.97904,0.08894,0,0.38361,1.70762,0.0008516,0.0008516,0.0008516
234,1998.93,0.93588,0.15288,0,0.49197,1.80332,0.97906,1,0.98471,0.75009,0.97906,1,0.98471,0.96873,1.01474,0.08883,0,0.38853,1.7364,0.00084665,0.00084665,0.00084665
235,2007.55,0.92197,0.14565,0,0.46993,1.78577,0.97724,1,0.98552,0.75644,0.97724,1,0.98552,0.9656,0.97566,0.0867,0,0.37364,1.71055,0.0008417,0.0008417,0.0008417
236,2015.99,0.92674,0.14316,0,0.47023,1.79423,0.97913,1,0.98753,0.76897,0.97913,1,0.98753,0.96838,0.96633,0.08535,0,0.36583,1.70442,0.00083675,0.00083675,0.00083675
237,2024.47,0.91976,0.12753,0,0.4702,1.797,0.97723,1,0.98887,0.76805,0.97723,1,0.98887,0.97071,0.96522,0.08553,0,0.37543,1.70078,0.0008318,0.0008318,0.0008318
238,2032.96,0.95514,0.13338,0,0.4776,1.82294,0.97724,1,0.98642,0.77222,0.97724,1,0.98642,0.9676,0.95849,0.08695,0,0.36437,1.68742,0.00082685,0.00082685,0.00082685
239,2041.54,0.94361,0.16005,0,0.49249,1.8187,0.97901,1,0.98721,0.76977,0.97901,1,0.98721,0.96686,0.9609,0.08509,0,0.37153,1.68967,0.0008219,0.0008219,0.0008219
240,2049.99,0.94384,0.15294,0,0.48182,1.81179,0.97921,1,0.985,0.76399,0.97921,1,0.985,0.96697,0.97916,0.08725,0,0.37573,1.70653,0.00081695,0.00081695,0.00081695
241,2058.48,0.91877,0.13957,0,0.47368,1.80072,0.97914,1,0.98284,0.7537,0.97914,1,0.98284,0.96539,0.98717,0.08842,0,0.38504,1.70804,0.000812,0.000812,0.000812
242,2067.34,0.95125,0.14408,0,0.47542,1.81947,0.97912,1,0.98519,0.76848,0.97912,1,0.98519,0.96557,0.97815,0.08578,0,0.38077,1.70344,0.00080705,0.00080705,0.00080705
243,2075.79,0.92627,0.15026,0,0.46323,1.80193,0.97896,1,0.98387,0.76322,0.97896,1,0.98387,0.96634,0.98334,0.08767,0,0.37633,1.70426,0.0008021,0.0008021,0.0008021
244,2084.24,0.96485,0.12767,0,0.48732,1.8405,0.97928,0.99963,0.98381,0.76201,0.97928,0.99963,0.98381,0.96565,0.97969,0.08621,0,0.37409,1.70104,0.00079715,0.00079715,0.00079715
245,2092.71,0.94291,0.14777,0,0.47818,1.81362,0.97902,1,0.98766,0.76636,0.97902,1,0.98766,0.96852,0.97813,0.08427,0,0.37526,1.70143,0.0007922,0.0007922,0.0007922
246,2101.55,0.92711,0.13144,0,0.4677,1.79212,0.97893,1,0.98819,0.76987,0.97893,1,0.98819,0.96887,0.96124,0.08273,0,0.36805,1.69116,0.00078725,0.00078725,0.00078725
247,2110.02,0.94767,0.15131,0,0.48771,1.82081,0.97903,1,0.98838,0.77323,0.97903,1,0.98838,0.96792,0.96853,0.08494,0,0.36675,1.69885,0.0007823,0.0007823,0.0007823
248,2118.5,0.9332,0.15891,0,0.4968,1.81381,0.97918,1,0.99019,0.77451,0.97918,1,0.99019,0.96994,0.97197,0.08433,0,0.37022,1.70537,0.00077735,0.00077735,0.00077735
249,2127.01,0.91222,0.14118,0,0.4606,1.77484,0.97744,0.9998,0.98853,0.76816,0.97744,0.9998,0.98853,0.96614,0.97867,0.08535,0,0.37111,1.70248,0.0007724,0.0007724,0.0007724
250,2135.69,0.9105,0.15163,0,0.46246,1.78618,0.97884,0.99808,0.98839,0.76934,0.97884,0.99808,0.98839,0.96665,0.97646,0.08374,0,0.36385,1.70633,0.00076745,0.00076745,0.00076745
251,2144.22,0.9482,0.16949,0,0.47957,1.82319,0.97715,1,0.9872,0.77039,0.97715,1,0.9872,0.96628,0.96147,0.08442,0,0.37302,1.69248,0.0007625,0.0007625,0.0007625
252,2152.69,0.92008,0.13525,0,0.46614,1.79499,0.97895,1,0.98775,0.77394,0.97895,1,0.98775,0.96771,0.95882,0.08526,0,0.36418,1.68996,0.00075755,0.00075755,0.00075755
253,2161.25,0.93551,0.13605,0,0.47714,1.81359,0.9786,1,0.98813,0.77445,0.9786,1,0.98813,0.9691,0.9596,0.0833,0,0.36802,1.68671,0.0007526,0.0007526,0.0007526
254,2169.71,0.92588,0.14007,0,0.47369,1.79703,0.9789,1,0.98801,0.76894,0.9789,1,0.98801,0.97066,0.9709,0.08482,0,0.37427,1.69663,0.00074765,0.00074765,0.00074765
255,2178.23,0.9126,0.13926,0,0.46361,1.77888,0.97742,1,0.9881,0.77331,0.97742,1,0.9881,0.96957,0.951,0.08555,0,0.36694,1.68479,0.0007427,0.0007427,0.0007427
256,2186.72,0.91882,0.13544,0,0.48438,1.78857,0.97721,1,0.9887,0.77179,0.97721,1,0.9887,0.9689,0.96334,0.08595,0,0.37139,1.69536,0.00073775,0.00073775,0.00073775
257,2195.3,0.92748,0.13138,0,0.45805,1.79408,0.97928,0.99978,0.98766,0.77087,0.97928,0.99978,0.98766,0.96815,0.9706,0.08746,0,0.37194,1.69784,0.0007328,0.0007328,0.0007328
258,2203.75,0.88869,0.12901,0,0.44682,1.77253,0.97928,0.99984,0.98768,0.7645,0.97928,0.99984,0.98768,0.96848,0.96906,0.08541,0,0.37002,1.69776,0.00072785,0.00072785,0.00072785
259,2212.25,0.92515,0.14142,0,0.47211,1.8094,0.97893,1,0.98671,0.77115,0.97893,1,0.98671,0.96777,0.95923,0.08659,0,0.36816,1.69018,0.0007229,0.0007229,0.0007229
260,2220.82,0.92688,0.14756,0,0.48534,1.79292,0.97903,1,0.98768,0.77322,0.97903,1,0.98768,0.96978,0.95905,0.08545,0,0.36497,1.68817,0.00071795,0.00071795,0.00071795
261,2229.3,0.92286,0.14001,0,0.47576,1.79062,0.97928,0.99987,0.98773,0.77831,0.97928,0.99987,0.98773,0.96942,0.95117,0.08384,0,0.36652,1.68468,0.000713,0.000713,0.000713
262,2237.77,0.92152,0.16613,0,0.47043,1.80564,0.97723,1,0.988,0.783,0.97723,1,0.988,0.96781,0.93646,0.08468,0,0.36253,1.67002,0.00070805,0.00070805,0.00070805
263,2246.41,0.90705,0.13302,0,0.45015,1.76601,0.9776,1,0.98957,0.77676,0.9776,1,0.98957,0.96768,0.94993,0.08427,0,0.36649,1.67812,0.0007031,0.0007031,0.0007031
264,2255.02,0.92431,0.14388,0,0.46721,1.79458,0.97724,1,0.98797,0.76805,0.97724,1,0.98797,0.96899,0.96261,0.08484,0,0.37383,1.68988,0.00069815,0.00069815,0.00069815
265,2263.53,0.91444,0.15297,0,0.45686,1.79412,0.97928,0.99964,0.98854,0.77786,0.97928,0.99964,0.98854,0.96884,0.94928,0.08515,0,0.36347,1.68279,0.0006932,0.0006932,0.0006932
266,2272.02,0.91925,0.13822,0,0.46986,1.78919,0.97895,1,0.98812,0.77029,0.97895,1,0.98812,0.96748,0.96195,0.08436,0,0.36565,1.69212,0.00068825,0.00068825,0.00068825
267,2280.71,0.93529,0.13809,0,0.46308,1.80985,0.97861,1,0.98926,0.77539,0.97861,1,0.98926,0.9702,0.95667,0.0834,0,0.36105,1.68413,0.0006833,0.0006833,0.0006833
268,2289.13,0.90629,0.13529,0,0.4654,1.78452,0.97813,1,0.98865,0.77656,0.97813,1,0.98865,0.96839,0.95295,0.08518,0,0.36497,1.68001,0.00067835,0.00067835,0.00067835
269,2297.63,0.91618,0.13042,0,0.46266,1.77548,0.97729,1,0.98915,0.77544,0.97729,1,0.98915,0.97021,0.95084,0.08328,0,0.37106,1.67911,0.0006734,0.0006734,0.0006734
270,2306.09,0.91663,0.14688,0,0.47265,1.79389,0.97844,1,0.98757,0.77152,0.97844,1,0.98757,0.96869,0.96083,0.08518,0,0.36845,1.68725,0.00066845,0.00066845,0.00066845
271,2314.73,0.92526,0.13577,0,0.46281,1.80319,0.97876,1,0.98671,0.77345,0.97876,1,0.98671,0.96836,0.94934,0.08682,0,0.36661,1.67594,0.0006635,0.0006635,0.0006635
272,2323.21,0.9228,0.14719,0,0.46957,1.79574,0.97893,1,0.98667,0.76809,0.97893,1,0.98667,0.96647,0.96404,0.08534,0,0.36966,1.68613,0.00065855,0.00065855,0.00065855
273,2331.7,0.91319,0.15751,0,0.46573,1.78364,0.97895,1,0.98798,0.77628,0.97895,1,0.98798,0.96756,0.9419,0.084,0,0.3609,1.67289,0.0006536,0.0006536,0.0006536
274,2340.22,0.89483,0.1395,0,0.46765,1.75594,0.97901,1,0.98892,0.77925,0.97901,1,0.98892,0.96891,0.94187,0.08482,0,0.36033,1.67234,0.00064865,0.00064865,0.00064865
275,2348.75,0.90063,0.13088,0,0.46227,1.77173,0.97897,1,0.98787,0.76943,0.97897,1,0.98787,0.9679,0.94322,0.08487,0,0.36283,1.67745,0.0006437,0.0006437,0.0006437
276,2357.2,0.90022,0.1409,0,0.45551,1.76073,0.97889,1,0.98751,0.77362,0.97889,1,0.98751,0.97088,0.94852,0.0838,0,0.3628,1.68197,0.00063875,0.00063875,0.00063875
277,2365.67,0.93114,0.12649,0,0.46432,1.79664,0.97928,0.99954,0.98564,0.76965,0.97928,0.99954,0.98564,0.97023,0.9478,0.08452,0,0.36356,1.6772,0.0006338,0.0006338,0.0006338
278,2374.25,0.91928,0.14661,0,0.45888,1.79904,0.97876,1,0.9868,0.77106,0.97876,1,0.9868,0.96815,0.94759,0.08502,0,0.36441,1.67724,0.00062885,0.00062885,0.00062885
279,2382.75,0.90032,0.14335,0,0.4629,1.7636,0.9789,1,0.98775,0.77348,0.9789,1,0.98775,0.96711,0.94957,0.08531,0,0.35965,1.68116,0.0006239,0.0006239,0.0006239
280,2391.2,0.89066,0.12229,0,0.46124,1.75655,0.97895,1,0.98786,0.77101,0.97895,1,0.98786,0.96665,0.95009,0.0842,0,0.36068,1.68507,0.00061895,0.00061895,0.00061895
281,2399.75,0.89563,0.15475,0,0.46145,1.75861,0.97896,1,0.98779,0.77047,0.97896,1,0.98779,0.96759,0.96064,0.08368,0,0.35693,1.69354,0.000614,0.000614,0.000614
282,2408.22,0.92221,0.14378,0,0.46642,1.77607,0.979,1,0.98986,0.77178,0.979,1,0.98986,0.97031,0.97831,0.0831,0,0.35793,1.7053,0.00060905,0.00060905,0.00060905
283,2416.95,0.91403,0.13972,0,0.45186,1.78145,0.97902,1,0.99021,0.77163,0.97902,1,0.99021,0.96926,0.96451,0.08316,0,0.35725,1.69498,0.0006041,0.0006041,0.0006041
284,2425.41,0.88292,0.13825,0,0.45372,1.74837,0.97907,1,0.98917,0.77427,0.97907,1,0.98917,0.96884,0.94823,0.08253,0,0.35921,1.68141,0.00059915,0.00059915,0.00059915
285,2433.92,0.90207,0.15652,0,0.4523,1.76277,0.97903,1,0.98953,0.77282,0.97903,1,0.98953,0.96971,0.96364,0.08339,0,0.35984,1.69604,0.0005942,0.0005942,0.0005942
286,2442.37,0.90775,0.13245,0,0.45275,1.76862,0.97914,1,0.99001,0.77506,0.97914,1,0.99001,0.9693,0.95849,0.08294,0,0.36165,1.68971,0.00058925,0.00058925,0.00058925
287,2450.96,0.89066,0.12934,0,0.44958,1.76542,0.97888,1,0.99018,0.776,0.97888,1,0.99018,0.96979,0.95353,0.08334,0,0.35926,1.68394,0.0005843,0.0005843,0.0005843
288,2459.4,0.89952,0.12291,0,0.44822,1.75324,0.97881,1,0.99012,0.77808,0.97881,1,0.99012,0.97023,0.96192,0.08191,0,0.35741,1.68898,0.00057935,0.00057935,0.00057935
289,2467.99,0.91555,0.14992,0,0.4583,1.77332,0.97888,1,0.98983,0.77229,0.97888,1,0.98983,0.96832,0.9724,0.08203,0,0.36134,1.69811,0.0005744,0.0005744,0.0005744
290,2476.44,0.87003,0.12256,0,0.44209,1.75097,0.97906,1,0.98987,0.77661,0.97906,1,0.98987,0.97037,0.95449,0.08165,0,0.3581,1.67994,0.00056945,0.00056945,0.00056945
291,2484.96,0.88464,0.14427,0,0.45538,1.75628,0.97907,1,0.98871,0.77818,0.97907,1,0.98871,0.97187,0.94384,0.08225,0,0.35372,1.67852,0.0005645,0.0005645,0.0005645
292,2493.55,0.88059,0.14844,0,0.44533,1.74553,0.97911,1,0.98831,0.77415,0.97911,1,0.98831,0.97163,0.94239,0.08361,0,0.35564,1.68089,0.00055955,0.00055955,0.00055955
293,2501.95,0.90646,0.1377,0,0.45614,1.77153,0.97909,1,0.98827,0.77169,0.97909,1,0.98827,0.97009,0.95216,0.08221,0,0.3557,1.6843,0.0005546,0.0005546,0.0005546
294,2510.42,0.89365,0.12944,0,0.46508,1.75873,0.97911,1,0.98888,0.77509,0.97911,1,0.98888,0.96997,0.96174,0.08213,0,0.35305,1.6961,0.00054965,0.00054965,0.00054965
295,2519.15,0.90499,0.14556,0,0.45382,1.76633,0.97913,1,0.98922,0.77447,0.97913,1,0.98922,0.96999,0.95864,0.0824,0,0.35274,1.69166,0.0005447,0.0005447,0.0005447
296,2527.89,0.89505,0.12722,0,0.45388,1.75132,0.97907,1,0.98981,0.77735,0.97907,1,0.98981,0.9703,0.95207,0.08307,0,0.35327,1.68731,0.00053975,0.00053975,0.00053975
297,2536.35,0.90041,0.12661,0,0.44734,1.77348,0.97905,1,0.99015,0.77648,0.97905,1,0.99015,0.97059,0.95461,0.08314,0,0.35572,1.68965,0.0005348,0.0005348,0.0005348
298,2544.83,0.90815,0.13753,0,0.45799,1.77117,0.97917,1,0.98977,0.77834,0.97917,1,0.98977,0.96914,0.95071,0.08252,0,0.35478,1.69,0.00052985,0.00052985,0.00052985
299,2553.34,0.87749,0.12287,0,0.44497,1.73966,0.97898,1,0.98784,0.78031,0.97898,1,0.98784,0.96888,0.94622,0.08215,0,0.35201,1.68152,0.0005249,0.0005249,0.0005249
300,2561.85,0.88849,0.12546,0,0.4637,1.75178,0.97916,1,0.98754,0.77339,0.97916,1,0.98754,0.96698,0.94971,0.0825,0,0.35072,1.68071,0.00051995,0.00051995,0.00051995
301,2570.29,0.89264,0.13718,0,0.45389,1.76012,0.9791,1,0.98775,0.76502,0.9791,1,0.98775,0.96704,0.96063,0.0833,0,0.35387,1.6906,0.000515,0.000515,0.000515
302,2578.76,0.9053,0.14023,0,0.45677,1.7768,0.97899,1,0.98845,0.7744,0.97899,1,0.98845,0.96932,0.96456,0.08244,0,0.35547,1.69446,0.00051005,0.00051005,0.00051005
303,2587.3,0.89513,0.13962,0,0.44956,1.75266,0.97891,1,0.98933,0.7816,0.97891,1,0.98933,0.97009,0.94861,0.08195,0,0.35417,1.67853,0.0005051,0.0005051,0.0005051
304,2595.8,0.89389,0.12343,0,0.44654,1.75139,0.97903,1,0.99016,0.77955,0.97903,1,0.99016,0.9702,0.95437,0.08149,0,0.35862,1.68223,0.00050015,0.00050015,0.00050015
305,2604.3,0.87895,0.13761,0,0.45855,1.75547,0.97909,1,0.98987,0.7791,0.97909,1,0.98987,0.96973,0.9572,0.08165,0,0.35533,1.68887,0.0004952,0.0004952,0.0004952
306,2612.85,0.90554,0.11289,0,0.45506,1.75546,0.97903,1,0.98916,0.77782,0.97903,1,0.98916,0.96991,0.96379,0.08173,0,0.35466,1.69632,0.00049025,0.00049025,0.00049025
307,2621.33,0.88825,0.13664,0,0.4364,1.76703,0.97906,1,0.99013,0.76769,0.97906,1,0.99013,0.97138,1.00703,0.08234,0,0.35944,1.72861,0.0004853,0.0004853,0.0004853
308,2629.78,0.88268,0.1204,0,0.44288,1.75076,0.97909,1,0.98968,0.77159,0.97909,1,0.98968,0.96998,0.97535,0.08144,0,0.35611,1.70415,0.00048035,0.00048035,0.00048035
309,2638.24,0.88721,0.11745,0,0.44749,1.76387,0.97898,1,0.98878,0.77774,0.97898,1,0.98878,0.96863,0.95546,0.08208,0,0.35435,1.68316,0.0004754,0.0004754,0.0004754
310,2646.77,0.8718,0.11915,0,0.44514,1.73963,0.9789,1,0.98817,0.77233,0.9789,1,0.98817,0.96882,0.96136,0.08268,0,0.35326,1.68675,0.00047045,0.00047045,0.00047045
311,2655.27,0.88429,0.13643,0,0.44746,1.74558,0.97902,1,0.98867,0.77321,0.97902,1,0.98867,0.96978,0.95943,0.08239,0,0.35619,1.68604,0.0004655,0.0004655,0.0004655
312,2663.74,0.88875,0.13875,0,0.44841,1.75228,0.97898,1,0.98883,0.77692,0.97898,1,0.98883,0.97032,0.9562,0.08227,0,0.35629,1.68858,0.00046055,0.00046055,0.00046055
313,2672.29,0.89684,0.14132,0,0.46718,1.76261,0.97905,1,0.98872,0.77736,0.97905,1,0.98872,0.96938,0.95267,0.08122,0,0.3585,1.68535,0.0004556,0.0004556,0.0004556
314,2680.76,0.88277,0.13609,0,0.43469,1.741,0.97905,1,0.9897,0.77866,0.97905,1,0.9897,0.96929,0.94724,0.08187,0,0.35621,1.67795,0.00045065,0.00045065,0.00045065
315,2689.2,0.88348,0.12656,0,0.44813,1.75212,0.9791,1,0.98998,0.77887,0.9791,1,0.98998,0.96996,0.94577,0.08257,0,0.3547,1.67669,0.0004457,0.0004457,0.0004457
316,2698,0.87627,0.12397,0,0.44313,1.75648,0.97908,1,0.99048,0.77953,0.97908,1,0.99048,0.97018,0.94403,0.08256,0,0.35478,1.68021,0.00044075,0.00044075,0.00044075
317,2706.63,0.87998,0.1457,0,0.44383,1.74075,0.97911,1,0.99092,0.78304,0.97911,1,0.99092,0.97123,0.93707,0.08201,0,0.35214,1.67164,0.0004358,0.0004358,0.0004358
318,2715.1,0.87636,0.1318,0,0.43752,1.74023,0.97912,1,0.99045,0.77842,0.97912,1,0.99045,0.97059,0.94801,0.08182,0,0.3513,1.68286,0.00043085,0.00043085,0.00043085
319,2723.54,0.89042,0.13347,0,0.44732,1.73869,0.97908,1,0.99063,0.78002,0.97908,1,0.99063,0.97058,0.94228,0.08111,0,0.35162,1.67562,0.0004259,0.0004259,0.0004259
320,2732.01,0.88839,0.15506,0,0.45023,1.75061,0.97909,1,0.99062,0.77591,0.97909,1,0.99062,0.9701,0.95845,0.08097,0,0.35063,1.68888,0.00042095,0.00042095,0.00042095
321,2740.68,0.88936,0.121,0,0.45176,1.75692,0.97905,1,0.99029,0.78111,0.97905,1,0.99029,0.96946,0.94942,0.08121,0,0.34905,1.67957,0.000416,0.000416,0.000416
322,2749.1,0.88921,0.1309,0,0.44274,1.76286,0.9789,1,0.99025,0.77861,0.9789,1,0.99025,0.97005,0.96472,0.08215,0,0.35048,1.68811,0.00041105,0.00041105,0.00041105
323,2757.5,0.87603,0.13214,0,0.44074,1.74537,0.9791,1,0.99028,0.77863,0.9791,1,0.99028,0.97052,0.95509,0.08194,0,0.35129,1.68082,0.0004061,0.0004061,0.0004061
324,2766.03,0.86866,0.12556,0,0.4345,1.71837,0.97902,1,0.99006,0.78159,0.97902,1,0.99006,0.9708,0.94588,0.08206,0,0.3513,1.67631,0.00040115,0.00040115,0.00040115
325,2774.67,0.88182,0.12778,0,0.43984,1.75239,0.97926,1,0.99025,0.78168,0.97926,1,0.99025,0.97011,0.95303,0.08204,0,0.34899,1.684,0.0003962,0.0003962,0.0003962
326,2783.16,0.88171,0.14281,0,0.45064,1.73562,0.97928,0.9997,0.98981,0.78099,0.97928,0.9997,0.98981,0.96904,0.9542,0.08208,0,0.35073,1.68223,0.00039125,0.00039125,0.00039125
327,2791.58,0.85729,0.13481,0,0.42407,1.72354,0.97905,1,0.98988,0.7843,0.97905,1,0.98988,0.96917,0.95166,0.08125,0,0.35189,1.67853,0.0003863,0.0003863,0.0003863
328,2800.09,0.8768,0.12312,0,0.44701,1.74859,0.979,1,0.98921,0.78302,0.979,1,0.98921,0.96758,0.94729,0.08136,0,0.35207,1.67657,0.00038135,0.00038135,0.00038135
329,2808.76,0.87078,0.13968,0,0.44297,1.74153,0.97905,1,0.98941,0.77942,0.97905,1,0.98941,0.96859,0.94711,0.08189,0,0.35063,1.67806,0.0003764,0.0003764,0.0003764
330,2817.21,0.89578,0.13374,0,0.45086,1.773,0.97909,1,0.9897,0.78159,0.97909,1,0.9897,0.96874,0.95595,0.08102,0,0.35238,1.684,0.00037145,0.00037145,0.00037145
331,2825.77,0.87265,0.13444,0,0.43352,1.74417,0.97907,1,0.99009,0.78296,0.97907,1,0.99009,0.96918,0.95471,0.08166,0,0.35177,1.68411,0.0003665,0.0003665,0.0003665
332,2834.22,0.85424,0.12099,0,0.42814,1.71795,0.97901,1,0.99025,0.77703,0.97901,1,0.99025,0.96951,0.9656,0.08133,0,0.35136,1.69154,0.00036155,0.00036155,0.00036155
333,2842.67,0.85898,0.12969,0,0.43733,1.71789,0.97906,1,0.98957,0.78311,0.97906,1,0.98957,0.96868,0.94964,0.08083,0,0.35213,1.68084,0.0003566,0.0003566,0.0003566
334,2851.19,0.87065,0.12532,0,0.43682,1.73287,0.97906,1,0.98963,0.77842,0.97906,1,0.98963,0.96874,0.95346,0.08227,0,0.35255,1.6842,0.00035165,0.00035165,0.00035165
335,2859.7,0.86614,0.11532,0,0.42965,1.73791,0.97912,1,0.98949,0.78082,0.97912,1,0.98949,0.96852,0.95558,0.08137,0,0.35424,1.68283,0.0003467,0.0003467,0.0003467
336,2868.12,0.88054,0.14091,0,0.43872,1.74397,0.9792,1,0.98842,0.77962,0.9792,1,0.98842,0.96766,0.94306,0.08253,0,0.35292,1.6692,0.00034175,0.00034175,0.00034175
337,2876.58,0.85661,0.13497,0,0.4325,1.70486,0.97928,0.99999,0.98774,0.77985,0.97928,0.99999,0.98774,0.96783,0.93439,0.08138,0,0.35345,1.66307,0.0003368,0.0003368,0.0003368
338,2885.14,0.86785,0.1244,0,0.43224,1.71766,0.97912,1,0.98783,0.77646,0.97912,1,0.98783,0.96894,0.93979,0.08135,0,0.35279,1.66891,0.00033185,0.00033185,0.00033185
339,2893.54,0.87267,0.1201,0,0.44424,1.7341,0.97928,0.99985,0.98856,0.7778,0.97928,0.99985,0.98856,0.96943,0.95347,0.08064,0,0.3529,1.67714,0.0003269,0.0003269,0.0003269
340,2901.94,0.86494,0.13277,0,0.43299,1.72609,0.97744,0.99983,0.98872,0.77811,0.97744,0.99983,0.98872,0.96912,0.95423,0.08089,0,0.35509,1.67759,0.00032195,0.00032195,0.00032195
341,2910.34,0.86311,0.1188,0,0.43986,1.72288,0.97928,0.99976,0.98881,0.78103,0.97928,0.99976,0.98881,0.96887,0.95023,0.08053,0,0.35028,1.67328,0.000317,0.000317,0.000317
342,2919.02,0.86662,0.12113,0,0.42952,1.7391,0.9791,1,0.98953,0.78474,0.9791,1,0.98953,0.96902,0.95007,0.08065,0,0.34941,1.67292,0.00031205,0.00031205,0.00031205
343,2927.51,0.85932,0.11825,0,0.43933,1.71531,0.9791,1,0.98969,0.78599,0.9791,1,0.98969,0.96918,0.93864,0.0806,0,0.34813,1.66453,0.0003071,0.0003071,0.0003071
344,2935.98,0.85125,0.12115,0,0.43038,1.72584,0.97908,1,0.98966,0.78122,0.97908,1,0.98966,0.97033,0.95239,0.07983,0,0.34889,1.67491,0.00030215,0.00030215,0.00030215
345,2944.41,0.86574,0.12555,0,0.42842,1.74312,0.97908,1,0.9894,0.78253,0.97908,1,0.9894,0.96993,0.94546,0.08085,0,0.35017,1.66817,0.0002972,0.0002972,0.0002972
346,2952.96,0.87554,0.13004,0,0.43674,1.74864,0.97911,1,0.98901,0.78041,0.97911,1,0.98901,0.96942,0.95598,0.08102,0,0.34974,1.67584,0.00029225,0.00029225,0.00029225
347,2961.39,0.84378,0.12771,0,0.42435,1.71034,0.97912,1,0.98883,0.78117,0.97912,1,0.98883,0.96931,0.95145,0.08085,0,0.34982,1.67523,0.0002873,0.0002873,0.0002873
348,2969.81,0.87379,0.13104,0,0.43927,1.74422,0.97911,1,0.98905,0.78343,0.97911,1,0.98905,0.96843,0.94463,0.08066,0,0.35055,1.67095,0.00028235,0.00028235,0.00028235
349,2978.38,0.85716,0.11691,0,0.43628,1.72029,0.9791,1,0.98906,0.78491,0.9791,1,0.98906,0.96824,0.94453,0.08101,0,0.35187,1.67134,0.0002774,0.0002774,0.0002774
350,2987.14,0.86792,0.12033,0,0.43726,1.73092,0.97912,1,0.98887,0.78652,0.97912,1,0.98887,0.96769,0.94196,0.08139,0,0.3513,1.66855,0.00027245,0.00027245,0.00027245
351,2995.55,0.86115,0.11427,0,0.42724,1.73894,0.97909,1,0.98909,0.78101,0.97909,1,0.98909,0.96808,0.95339,0.08143,0,0.35163,1.67936,0.0002675,0.0002675,0.0002675
352,3004,0.86555,0.13029,0,0.44203,1.73703,0.97907,1,0.98933,0.78231,0.97907,1,0.98933,0.96802,0.95502,0.08125,0,0.3509,1.6788,0.00026255,0.00026255,0.00026255
353,3012.54,0.85252,0.11231,0,0.41975,1.71343,0.9791,1,0.98942,0.77814,0.9791,1,0.98942,0.968,0.95904,0.08051,0,0.35026,1.68223,0.0002576,0.0002576,0.0002576
354,3021.11,0.87118,0.14196,0,0.43148,1.73374,0.9791,1,0.99022,0.77681,0.9791,1,0.99022,0.96925,0.95629,0.08071,0,0.34936,1.68039,0.00025265,0.00025265,0.00025265
355,3029.52,0.85806,0.11106,0,0.43109,1.72615,0.97909,1,0.99018,0.77663,0.97909,1,0.99018,0.96951,0.95722,0.08093,0,0.34849,1.68164,0.0002477,0.0002477,0.0002477
356,3037.99,0.88499,0.12634,0,0.44962,1.75612,0.97907,1,0.98992,0.77806,0.97907,1,0.98992,0.96935,0.95321,0.08101,0,0.34632,1.68072,0.00024275,0.00024275,0.00024275
357,3046.41,0.87443,0.12715,0,0.42917,1.74192,0.97904,1,0.99016,0.77643,0.97904,1,0.99016,0.96968,0.95556,0.081,0,0.34782,1.68202,0.0002378,0.0002378,0.0002378
358,3055.07,0.86163,0.13936,0,0.43625,1.72459,0.97902,1,0.99001,0.78452,0.97902,1,0.99001,0.96921,0.94202,0.08096,0,0.34659,1.67287,0.00023285,0.00023285,0.00023285
359,3063.62,0.86275,0.12453,0,0.4311,1.73117,0.97901,1,0.99026,0.78349,0.97901,1,0.99026,0.96948,0.9378,0.08003,0,0.34751,1.66713,0.0002279,0.0002279,0.0002279
360,3072.01,0.8334,0.11104,0,0.42443,1.69425,0.97905,1,0.9901,0.78317,0.97905,1,0.9901,0.96965,0.93437,0.0804,0,0.34603,1.6639,0.00022295,0.00022295,0.00022295
361,3080.44,0.85879,0.11908,0,0.41581,1.7295,0.9791,1,0.99005,0.78135,0.9791,1,0.99005,0.96873,0.93805,0.08063,0,0.34689,1.66875,0.000218,0.000218,0.000218
362,3089.04,0.85007,0.12938,0,0.43711,1.71146,0.97913,1,0.99045,0.78316,0.97913,1,0.99045,0.96972,0.93954,0.08033,0,0.34638,1.66987,0.00021305,0.00021305,0.00021305
363,3097.54,0.83849,0.11473,0,0.42849,1.69683,0.97912,1,0.99068,0.78313,0.97912,1,0.99068,0.97,0.93889,0.0805,0,0.34774,1.66938,0.0002081,0.0002081,0.0002081
364,3105.96,0.85317,0.12913,0,0.44271,1.72226,0.97913,1,0.99074,0.78472,0.97913,1,0.99074,0.9698,0.94244,0.08138,0,0.34925,1.67183,0.00020315,0.00020315,0.00020315
365,3114.45,0.8602,0.13665,0,0.4308,1.73466,0.97914,1,0.99075,0.78412,0.97914,1,0.99075,0.97016,0.93998,0.08096,0,0.34985,1.66661,0.0001982,0.0001982,0.0001982
366,3123.16,0.83972,0.10706,0,0.41788,1.70497,0.97914,1,0.9908,0.78442,0.97914,1,0.9908,0.97052,0.94062,0.08088,0,0.348,1.6675,0.00019325,0.00019325,0.00019325
367,3131.63,0.84465,0.12719,0,0.42198,1.711,0.97914,1,0.99055,0.78477,0.97914,1,0.99055,0.96983,0.93729,0.08063,0,0.34887,1.66517,0.0001883,0.0001883,0.0001883
368,3140.04,0.83898,0.132,0,0.42644,1.70612,0.97916,1,0.9905,0.78516,0.97916,1,0.9905,0.96997,0.93804,0.08081,0,0.34807,1.66652,0.00018335,0.00018335,0.00018335
369,3148.48,0.84971,0.13286,0,0.42948,1.71084,0.97916,1,0.99067,0.78235,0.97916,1,0.99067,0.97036,0.94108,0.08042,0,0.34604,1.66925,0.0001784,0.0001784,0.0001784
370,3157.19,0.85213,0.13934,0,0.43701,1.70878,0.97917,1,0.99043,0.78368,0.97917,1,0.99043,0.96996,0.94498,0.08072,0,0.34677,1.67242,0.00017345,0.00017345,0.00017345
371,3165.98,0.85698,0.11773,0,0.43336,1.71025,0.97921,1,0.99033,0.78379,0.97921,1,0.99033,0.96997,0.94363,0.08085,0,0.34687,1.67117,0.0001685,0.0001685,0.0001685
372,3174.48,0.83418,0.11521,0,0.42009,1.6967,0.9792,1,0.99034,0.78753,0.9792,1,0.99034,0.96988,0.93848,0.08055,0,0.34736,1.66688,0.00016355,0.00016355,0.00016355
373,3183.03,0.83079,0.11607,0,0.42277,1.68685,0.9792,1,0.9903,0.78668,0.9792,1,0.9903,0.97008,0.9369,0.08099,0,0.3469,1.66672,0.0001586,0.0001586,0.0001586
374,3191.47,0.85939,0.14043,0,0.42948,1.71987,0.97923,1,0.99044,0.786,0.97923,1,0.99044,0.96961,0.93854,0.0811,0,0.34748,1.66806,0.00015365,0.00015365,0.00015365
375,3199.87,0.86383,0.12503,0,0.4279,1.72369,0.97922,1,0.99043,0.78629,0.97922,1,0.99043,0.96963,0.9386,0.08102,0,0.34697,1.66727,0.0001487,0.0001487,0.0001487
376,3208.33,0.8413,0.12828,0,0.41142,1.71157,0.97924,1,0.99059,0.78581,0.97924,1,0.99059,0.97009,0.93352,0.0805,0,0.34776,1.66208,0.00014375,0.00014375,0.00014375
377,3216.91,0.8413,0.11984,0,0.41245,1.70642,0.97923,1,0.99093,0.78637,0.97923,1,0.99093,0.97029,0.9329,0.08043,0,0.3461,1.66232,0.0001388,0.0001388,0.0001388
378,3225.31,0.85142,0.12557,0,0.41917,1.7061,0.9792,1,0.99126,0.7872,0.9792,1,0.99126,0.9711,0.93225,0.08041,0,0.34546,1.66192,0.00013385,0.00013385,0.00013385
379,3233.76,0.83192,0.12706,0,0.41131,1.70394,0.97919,1,0.99108,0.78523,0.97919,1,0.99108,0.97098,0.93307,0.08045,0,0.34718,1.66342,0.0001289,0.0001289,0.0001289
380,3242.4,0.85481,0.14098,0,0.42475,1.71282,0.97919,1,0.99079,0.7876,0.97919,1,0.99079,0.97108,0.93624,0.08059,0,0.34824,1.66418,0.00012395,0.00012395,0.00012395
381,3250.86,0.8427,0.12649,0,0.41466,1.70527,0.97919,1,0.9907,0.78467,0.97919,1,0.9907,0.97065,0.93558,0.08061,0,0.34706,1.66266,0.000119,0.000119,0.000119
382,3259.32,0.82287,0.12256,0,0.41375,1.69118,0.97923,1,0.99058,0.78684,0.97923,1,0.99058,0.97034,0.93671,0.08056,0,0.34609,1.66347,0.00011405,0.00011405,0.00011405
383,3267.75,0.85603,0.1308,0,0.42814,1.7176,0.97928,0.99988,0.99053,0.78711,0.97928,0.99988,0.99053,0.97005,0.93223,0.08042,0,0.34428,1.66017,0.0001091,0.0001091,0.0001091
384,3276.34,0.852,0.11244,0,0.43628,1.72219,0.97928,0.99988,0.99058,0.78731,0.97928,0.99988,0.99058,0.97051,0.92993,0.08018,0,0.34285,1.65884,0.00010415,0.00010415,0.00010415
385,3284.77,0.84926,0.11486,0,0.4257,1.72411,0.97928,0.99991,0.99051,0.78655,0.97928,0.99991,0.99051,0.97027,0.93078,0.0805,0,0.34355,1.66082,9.92e-05,9.92e-05,9.92e-05
386,3293.25,0.82845,0.10808,0,0.4152,1.67968,0.97928,0.99991,0.9906,0.78541,0.97928,0.99991,0.9906,0.97025,0.93256,0.08042,0,0.34288,1.66182,9.425e-05,9.425e-05,9.425e-05
387,3301.74,0.85131,0.13634,0,0.42366,1.70629,0.97928,0.99993,0.99058,0.78593,0.97928,0.99993,0.99058,0.97007,0.93276,0.08057,0,0.34324,1.66172,8.93e-05,8.93e-05,8.93e-05
388,3310.24,0.84497,0.11316,0,0.43339,1.71265,0.97928,0.99993,0.99063,0.78545,0.97928,0.99993,0.99063,0.97029,0.9321,0.08046,0,0.34464,1.66138,8.435e-05,8.435e-05,8.435e-05
389,3318.69,0.81593,0.12313,0,0.4103,1.6783,0.97928,0.99992,0.99061,0.7866,0.97928,0.99992,0.99061,0.96997,0.93226,0.08047,0,0.34422,1.66181,7.94e-05,7.94e-05,7.94e-05
390,3327.1,0.85193,0.13325,0,0.42914,1.71369,0.97928,0.99996,0.99061,0.78768,0.97928,0.99996,0.99061,0.97018,0.93504,0.08024,0,0.34481,1.66432,7.445e-05,7.445e-05,7.445e-05
391,3337.08,0.77808,0.07119,0,0.33005,1.68529,0.97928,0.99991,0.99004,0.78506,0.97928,0.99991,0.99004,0.96922,0.93594,0.08033,0,0.34339,1.66423,6.95e-05,6.95e-05,6.95e-05
392,3345.51,0.75653,0.07144,0,0.31706,1.66514,0.97928,0.99963,0.98948,0.78329,0.97928,0.99963,0.98948,0.96843,0.93999,0.08058,0,0.34418,1.66754,6.455e-05,6.455e-05,6.455e-05
393,3353.89,0.75627,0.06738,0,0.31402,1.67575,0.97717,1,0.98927,0.78371,0.97717,1,0.98927,0.96785,0.9435,0.08113,0,0.3458,1.67154,5.96e-05,5.96e-05,5.96e-05
394,3362.42,0.74433,0.06703,0,0.31028,1.66058,0.9772,1,0.98914,0.78395,0.9772,1,0.98914,0.96843,0.94564,0.08133,0,0.34682,1.6745,5.465e-05,5.465e-05,5.465e-05
395,3370.86,0.74199,0.06816,0,0.30938,1.65269,0.97721,1,0.98909,0.78283,0.97721,1,0.98909,0.9683,0.9478,0.08139,0,0.34716,1.67693,4.97e-05,4.97e-05,4.97e-05
396,3379.27,0.73644,0.06747,0,0.30824,1.64858,0.97722,1,0.98896,0.78167,0.97722,1,0.98896,0.96802,0.94704,0.0815,0,0.34846,1.67713,4.475e-05,4.475e-05,4.475e-05
397,3387.7,0.74041,0.06599,0,0.30638,1.65574,0.97724,1,0.98903,0.78139,0.97724,1,0.98903,0.96798,0.94676,0.08152,0,0.34805,1.67602,3.98e-05,3.98e-05,3.98e-05
398,3396.2,0.73856,0.06906,0,0.30918,1.64615,0.97725,1,0.989,0.78131,0.97725,1,0.989,0.968,0.94748,0.08153,0,0.34871,1.67613,3.485e-05,3.485e-05,3.485e-05
399,3404.59,0.73132,0.07138,0,0.30862,1.6334,0.97727,1,0.98898,0.78103,0.97727,1,0.98898,0.96778,0.94855,0.08152,0,0.34928,1.67712,2.99e-05,2.99e-05,2.99e-05
400,3413.05,0.73347,0.0695,0,0.30681,1.64817,0.97727,1,0.98894,0.78112,0.97727,1,0.98894,0.96757,0.94776,0.08137,0,0.34876,1.67714,2.495e-05,2.495e-05,2.495e-05
